n,d,k,b,accuracy
1048576,82,2,50,1.0
1048576,164,2,50,1.0
1048576,246,2,50,1.0
1048576,328,2,50,1.0
1048576,410,2,50,1.0
1048576,492,2,50,1.0
1048576,574,2,50,1.0
1048576,656,2,50,1.0
1048576,738,2,50,1.0
1048576,820,2,50,1.0
1048576,902,2,50,1.0
1048576,984,2,50,1.0
1048576,82,3,50,1.0
1048576,164,3,50,1.0
1048576,246,3,50,1.0
1048576,328,3,50,1.0
1048576,410,3,50,1.0
1048576,492,3,50,1.0
1048576,574,3,50,1.0
1048576,656,3,50,1.0
1048576,738,3,50,1.0
1048576,820,3,50,1.0
1048576,902,3,50,1.0
1048576,984,3,50,1.0
1048576,82,4,50,0.8999999761581421
1048576,164,4,50,1.0
1048576,246,4,50,1.0
1048576,328,4,50,1.0
1048576,410,4,50,1.0
1048576,492,4,50,1.0
1048576,574,4,50,1.0
1048576,656,4,50,1.0
1048576,738,4,50,1.0
1048576,820,4,50,1.0
1048576,902,4,50,1.0
1048576,984,4,50,1.0
1048576,82,5,50,0.6000000238418579
1048576,164,5,50,1.0
1048576,246,5,50,1.0
1048576,328,5,50,1.0
1048576,410,5,50,1.0
1048576,492,5,50,1.0
1048576,574,5,50,1.0
1048576,656,5,50,1.0
1048576,738,5,50,1.0
1048576,820,5,50,1.0
1048576,902,5,50,1.0
1048576,984,5,50,1.0
1048576,82,6,50,0.30000001192092896
1048576,164,6,50,1.0
1048576,246,6,50,1.0
1048576,328,6,50,1.0
1048576,410,6,50,1.0
1048576,492,6,50,1.0
1048576,574,6,50,1.0
1048576,656,6,50,1.0
1048576,738,6,50,1.0
1048576,820,6,50,1.0
1048576,902,6,50,1.0
1048576,984,6,50,1.0
1048576,82,7,50,0.07999999821186066
1048576,164,7,50,1.0
1048576,246,7,50,1.0
1048576,328,7,50,1.0
1048576,410,7,50,1.0
1048576,492,7,50,1.0
1048576,574,7,50,1.0
1048576,656,7,50,1.0
1048576,738,7,50,1.0
1048576,820,7,50,1.0
1048576,902,7,50,1.0
1048576,984,7,50,1.0
1048576,82,8,50,0.0
1048576,164,8,50,0.8399999737739563
1048576,246,8,50,1.0
1048576,328,8,50,1.0
1048576,410,8,50,1.0
1048576,492,8,50,1.0
1048576,574,8,50,1.0
1048576,656,8,50,1.0
1048576,738,8,50,1.0
1048576,820,8,50,1.0
1048576,902,8,50,1.0
1048576,984,8,50,1.0
1048576,82,9,50,0.0
1048576,164,9,50,0.8799999952316284
1048576,246,9,50,1.0
1048576,328,9,50,1.0
1048576,410,9,50,1.0
1048576,492,9,50,1.0
1048576,574,9,50,1.0
1048576,656,9,50,1.0
1048576,738,9,50,1.0
1048576,820,9,50,1.0
1048576,902,9,50,1.0
1048576,984,9,50,1.0
1048576,82,10,50,0.0
1048576,164,10,50,0.7200000286102295
1048576,246,10,50,1.0
1048576,328,10,50,1.0
1048576,410,10,50,1.0
1048576,492,10,50,1.0
1048576,574,10,50,1.0
1048576,656,10,50,1.0
1048576,738,10,50,1.0
1048576,820,10,50,1.0
1048576,902,10,50,1.0
1048576,984,10,50,1.0
1048576,82,11,50,0.0
1048576,164,11,50,0.46000000834465027
1048576,246,11,50,1.0
1048576,328,11,50,1.0
1048576,410,11,50,1.0
1048576,492,11,50,1.0
1048576,574,11,50,1.0
1048576,656,11,50,1.0
1048576,738,11,50,1.0
1048576,820,11,50,1.0
1048576,902,11,50,1.0
1048576,984,11,50,1.0
1048576,82,12,50,0.0
1048576,164,12,50,0.25999999046325684
1048576,246,12,50,0.9800000190734863
1048576,328,12,50,1.0
1048576,410,12,50,1.0
1048576,492,12,50,1.0
1048576,574,12,50,1.0
1048576,656,12,50,1.0
1048576,738,12,50,1.0
1048576,820,12,50,1.0
1048576,902,12,50,1.0
1048576,984,12,50,1.0
1048576,82,13,50,0.0
1048576,164,13,50,0.14000000059604645
1048576,246,13,50,0.9200000166893005
1048576,328,13,50,1.0
1048576,410,13,50,1.0
1048576,492,13,50,1.0
1048576,574,13,50,1.0
1048576,656,13,50,1.0
1048576,738,13,50,1.0
1048576,820,13,50,1.0
1048576,902,13,50,1.0
1048576,984,13,50,1.0
1048576,82,14,50,0.0
1048576,164,14,50,0.019999999552965164
1048576,246,14,50,0.8399999737739563
1048576,328,14,50,0.9800000190734863
1048576,410,14,50,1.0
1048576,492,14,50,1.0
1048576,574,14,50,1.0
1048576,656,14,50,1.0
1048576,738,14,50,1.0
1048576,820,14,50,1.0
1048576,902,14,50,1.0
1048576,984,14,50,1.0
1048576,82,15,50,0.0
1048576,164,15,50,0.0
1048576,246,15,50,0.7400000095367432
1048576,328,15,50,1.0
1048576,410,15,50,1.0
1048576,492,15,50,1.0
1048576,574,15,50,1.0
1048576,656,15,50,1.0
1048576,738,15,50,1.0
1048576,820,15,50,1.0
1048576,902,15,50,1.0
1048576,984,15,50,1.0
1048576,82,16,50,0.0
1048576,164,16,50,0.0
1048576,246,16,50,0.6800000071525574
1048576,328,16,50,1.0
1048576,410,16,50,1.0
1048576,492,16,50,1.0
1048576,574,16,50,1.0
1048576,656,16,50,1.0
1048576,738,16,50,1.0
1048576,820,16,50,1.0
1048576,902,16,50,1.0
1048576,984,16,50,1.0
1048576,82,17,50,0.0
1048576,164,17,50,0.0
1048576,246,17,50,0.4399999976158142
1048576,328,17,50,0.9599999785423279
1048576,410,17,50,0.9800000190734863
1048576,492,17,50,1.0
1048576,574,17,50,1.0
1048576,656,17,50,1.0
1048576,738,17,50,1.0
1048576,820,17,50,1.0
1048576,902,17,50,1.0
1048576,984,17,50,1.0
1048576,82,18,50,0.0
1048576,164,18,50,0.0
1048576,246,18,50,0.30000001192092896
1048576,328,18,50,0.8799999952316284
1048576,410,18,50,1.0
1048576,492,18,50,1.0
1048576,574,18,50,1.0
1048576,656,18,50,1.0
1048576,738,18,50,1.0
1048576,820,18,50,1.0
1048576,902,18,50,1.0
1048576,984,18,50,1.0
1048576,82,19,50,0.0
1048576,164,19,50,0.0
1048576,246,19,50,0.14000000059604645
1048576,328,19,50,0.8999999761581421
1048576,410,19,50,0.9800000190734863
1048576,492,19,50,1.0
1048576,574,19,50,1.0
1048576,656,19,50,1.0
1048576,738,19,50,1.0
1048576,820,19,50,1.0
1048576,902,19,50,1.0
1048576,984,19,50,1.0
1048576,82,20,50,0.0
1048576,164,20,50,0.0
1048576,246,20,50,0.05999999865889549
1048576,328,20,50,0.7799999713897705
1048576,410,20,50,0.9800000190734863
1048576,492,20,50,1.0
1048576,574,20,50,1.0
1048576,656,20,50,1.0
1048576,738,20,50,1.0
1048576,820,20,50,1.0
1048576,902,20,50,1.0
1048576,984,20,50,1.0
1048576,82,21,50,0.0
1048576,164,21,50,0.0
1048576,246,21,50,0.03999999910593033
1048576,328,21,50,0.6600000262260437
1048576,410,21,50,0.9399999976158142
1048576,492,21,50,1.0
1048576,574,21,50,1.0
1048576,656,21,50,1.0
1048576,738,21,50,1.0
1048576,820,21,50,1.0
1048576,902,21,50,1.0
1048576,984,21,50,1.0
1048576,82,22,50,0.0
1048576,164,22,50,0.0
1048576,246,22,50,0.0
1048576,328,22,50,0.6000000238418579
1048576,410,22,50,0.8999999761581421
1048576,492,22,50,1.0
1048576,574,22,50,1.0
1048576,656,22,50,1.0
1048576,738,22,50,1.0
1048576,820,22,50,1.0
1048576,902,22,50,1.0
1048576,984,22,50,1.0
1048576,82,23,50,0.0
1048576,164,23,50,0.0
1048576,246,23,50,0.019999999552965164
1048576,328,23,50,0.4399999976158142
1048576,410,23,50,0.9399999976158142
1048576,492,23,50,0.9800000190734863
1048576,574,23,50,1.0
1048576,656,23,50,1.0
1048576,738,23,50,1.0
1048576,820,23,50,1.0
1048576,902,23,50,1.0
1048576,984,23,50,1.0
1048576,82,24,50,0.0
1048576,164,24,50,0.0
1048576,246,24,50,0.0
1048576,328,24,50,0.36000001430511475
1048576,410,24,50,0.800000011920929
1048576,492,24,50,1.0
1048576,574,24,50,1.0
1048576,656,24,50,1.0
1048576,738,24,50,1.0
1048576,820,24,50,1.0
1048576,902,24,50,1.0
1048576,984,24,50,1.0
1048576,82,25,50,0.0
1048576,164,25,50,0.0
1048576,246,25,50,0.0
1048576,328,25,50,0.14000000059604645
1048576,410,25,50,0.8799999952316284
1048576,492,25,50,0.9800000190734863
1048576,574,25,50,1.0
1048576,656,25,50,1.0
1048576,738,25,50,1.0
1048576,820,25,50,1.0
1048576,902,25,50,1.0
1048576,984,25,50,1.0
1048576,82,26,50,0.0
1048576,164,26,50,0.0
1048576,246,26,50,0.0
1048576,328,26,50,0.05999999865889549
1048576,410,26,50,0.7799999713897705
1048576,492,26,50,0.9800000190734863
1048576,574,26,50,1.0
1048576,656,26,50,1.0
1048576,738,26,50,1.0
1048576,820,26,50,1.0
1048576,902,26,50,1.0
1048576,984,26,50,1.0
1048576,82,27,50,0.0
1048576,164,27,50,0.0
1048576,246,27,50,0.0
1048576,328,27,50,0.05999999865889549
1048576,410,27,50,0.5400000214576721
1048576,492,27,50,0.9599999785423279
1048576,574,27,50,1.0
1048576,656,27,50,1.0
1048576,738,27,50,1.0
1048576,820,27,50,1.0
1048576,902,27,50,1.0
1048576,984,27,50,1.0
1048576,82,28,50,0.0
1048576,164,28,50,0.0
1048576,246,28,50,0.0
1048576,328,28,50,0.0
1048576,410,28,50,0.36000001430511475
1048576,492,28,50,0.9200000166893005
1048576,574,28,50,0.9800000190734863
1048576,656,28,50,0.9800000190734863
1048576,738,28,50,1.0
1048576,820,28,50,1.0
1048576,902,28,50,1.0
1048576,984,28,50,1.0
1048576,82,29,50,0.0
1048576,164,29,50,0.0
1048576,246,29,50,0.0
1048576,328,29,50,0.019999999552965164
1048576,410,29,50,0.36000001430511475
1048576,492,29,50,0.9200000166893005
1048576,574,29,50,0.9599999785423279
1048576,656,29,50,1.0
1048576,738,29,50,1.0
1048576,820,29,50,1.0
1048576,902,29,50,1.0
1048576,984,29,50,1.0
1048576,82,30,50,0.0
1048576,164,30,50,0.0
1048576,246,30,50,0.0
1048576,328,30,50,0.019999999552965164
1048576,410,30,50,0.30000001192092896
1048576,492,30,50,0.699999988079071
1048576,574,30,50,0.9599999785423279
1048576,656,30,50,1.0
1048576,738,30,50,1.0
1048576,820,30,50,1.0
1048576,902,30,50,1.0
1048576,984,30,50,1.0
1048576,82,31,50,0.0
1048576,164,31,50,0.0
1048576,246,31,50,0.0
1048576,328,31,50,0.0
1048576,410,31,50,0.25999999046325684
1048576,492,31,50,0.7400000095367432
1048576,574,31,50,1.0
1048576,656,31,50,1.0
1048576,738,31,50,1.0
1048576,820,31,50,1.0
1048576,902,31,50,1.0
1048576,984,31,50,1.0
1048576,82,32,50,0.0
1048576,164,32,50,0.0
1048576,246,32,50,0.0
1048576,328,32,50,0.0
1048576,410,32,50,0.10000000149011612
1048576,492,32,50,0.6800000071525574
1048576,574,32,50,0.8600000143051147
1048576,656,32,50,1.0
1048576,738,32,50,1.0
1048576,820,32,50,1.0
1048576,902,32,50,1.0
1048576,984,32,50,1.0
1048576,82,33,50,0.0
1048576,164,33,50,0.0
1048576,246,33,50,0.0
1048576,328,33,50,0.0
1048576,410,33,50,0.05999999865889549
1048576,492,33,50,0.6600000262260437
1048576,574,33,50,0.8600000143051147
1048576,656,33,50,0.9800000190734863
1048576,738,33,50,1.0
1048576,820,33,50,1.0
1048576,902,33,50,1.0
1048576,984,33,50,1.0
1048576,82,34,50,0.0
1048576,164,34,50,0.0
1048576,246,34,50,0.0
1048576,328,34,50,0.0
1048576,410,34,50,0.05999999865889549
1048576,492,34,50,0.4399999976158142
1048576,574,34,50,0.8399999737739563
1048576,656,34,50,0.9800000190734863
1048576,738,34,50,0.9800000190734863
1048576,820,34,50,1.0
1048576,902,34,50,1.0
1048576,984,34,50,1.0
1048576,82,35,50,0.0
1048576,164,35,50,0.0
1048576,246,35,50,0.0
1048576,328,35,50,0.0
1048576,410,35,50,0.03999999910593033
1048576,492,35,50,0.4399999976158142
1048576,574,35,50,0.7599999904632568
1048576,656,35,50,0.9599999785423279
1048576,738,35,50,1.0
1048576,820,35,50,1.0
1048576,902,35,50,1.0
1048576,984,35,50,1.0
1048576,82,36,50,0.0
1048576,164,36,50,0.0
1048576,246,36,50,0.0
1048576,328,36,50,0.0
1048576,410,36,50,0.0
1048576,492,36,50,0.3199999928474426
1048576,574,36,50,0.699999988079071
1048576,656,36,50,0.9800000190734863
1048576,738,36,50,1.0
1048576,820,36,50,1.0
1048576,902,36,50,1.0
1048576,984,36,50,1.0
1048576,82,37,50,0.0
1048576,164,37,50,0.0
1048576,246,37,50,0.0
1048576,328,37,50,0.0
1048576,410,37,50,0.0
1048576,492,37,50,0.23999999463558197
1048576,574,37,50,0.800000011920929
1048576,656,37,50,0.9599999785423279
1048576,738,37,50,0.9599999785423279
1048576,820,37,50,0.9800000190734863
1048576,902,37,50,1.0
1048576,984,37,50,1.0
1048576,82,38,50,0.0
1048576,164,38,50,0.0
1048576,246,38,50,0.0
1048576,328,38,50,0.0
1048576,410,38,50,0.0
1048576,492,38,50,0.20000000298023224
1048576,574,38,50,0.6600000262260437
1048576,656,38,50,0.9599999785423279
1048576,738,38,50,0.9800000190734863
1048576,820,38,50,0.9800000190734863
1048576,902,38,50,1.0
1048576,984,38,50,1.0
1048576,82,39,50,0.0
1048576,164,39,50,0.0
1048576,246,39,50,0.0
1048576,328,39,50,0.0
1048576,410,39,50,0.0
1048576,492,39,50,0.07999999821186066
1048576,574,39,50,0.5199999809265137
1048576,656,39,50,0.8199999928474426
1048576,738,39,50,0.9399999976158142
1048576,820,39,50,1.0
1048576,902,39,50,1.0
1048576,984,39,50,1.0
1048576,82,40,50,0.0
1048576,164,40,50,0.0
1048576,246,40,50,0.0
1048576,328,40,50,0.0
1048576,410,40,50,0.0
1048576,492,40,50,0.11999999731779099
1048576,574,40,50,0.5199999809265137
1048576,656,40,50,0.8600000143051147
1048576,738,40,50,0.9399999976158142
1048576,820,40,50,1.0
1048576,902,40,50,0.9800000190734863
1048576,984,40,50,1.0
1048576,82,41,50,0.0
1048576,164,41,50,0.0
1048576,246,41,50,0.0
1048576,328,41,50,0.0
1048576,410,41,50,0.0
1048576,492,41,50,0.10000000149011612
1048576,574,41,50,0.4000000059604645
1048576,656,41,50,0.7799999713897705
1048576,738,41,50,0.9399999976158142
1048576,820,41,50,1.0
1048576,902,41,50,1.0
1048576,984,41,50,1.0
1048576,82,42,50,0.0
1048576,164,42,50,0.0
1048576,246,42,50,0.0
1048576,328,42,50,0.0
1048576,410,42,50,0.0
1048576,492,42,50,0.019999999552965164
1048576,574,42,50,0.25999999046325684
1048576,656,42,50,0.7599999904632568
1048576,738,42,50,0.8799999952316284
1048576,820,42,50,1.0
1048576,902,42,50,1.0
1048576,984,42,50,1.0
1048576,82,43,50,0.0
1048576,164,43,50,0.0
1048576,246,43,50,0.0
1048576,328,43,50,0.0
1048576,410,43,50,0.0
1048576,492,43,50,0.03999999910593033
1048576,574,43,50,0.1599999964237213
1048576,656,43,50,0.699999988079071
1048576,738,43,50,0.9200000166893005
1048576,820,43,50,0.9599999785423279
1048576,902,43,50,0.9800000190734863
1048576,984,43,50,1.0
1048576,82,44,50,0.0
1048576,164,44,50,0.0
1048576,246,44,50,0.0
1048576,328,44,50,0.0
1048576,410,44,50,0.0
1048576,492,44,50,0.0
1048576,574,44,50,0.20000000298023224
1048576,656,44,50,0.5799999833106995
1048576,738,44,50,0.8600000143051147
1048576,820,44,50,0.9800000190734863
1048576,902,44,50,0.9800000190734863
1048576,984,44,50,1.0
1048576,82,45,50,0.0
1048576,164,45,50,0.0
1048576,246,45,50,0.0
1048576,328,45,50,0.0
1048576,410,45,50,0.0
1048576,492,45,50,0.0
1048576,574,45,50,0.18000000715255737
1048576,656,45,50,0.5400000214576721
1048576,738,45,50,0.8999999761581421
1048576,820,45,50,0.9599999785423279
1048576,902,45,50,1.0
1048576,984,45,50,1.0
1048576,82,46,50,0.0
1048576,164,46,50,0.0
1048576,246,46,50,0.0
1048576,328,46,50,0.0
1048576,410,46,50,0.0
1048576,492,46,50,0.0
1048576,574,46,50,0.07999999821186066
1048576,656,46,50,0.5
1048576,738,46,50,0.9200000166893005
1048576,820,46,50,0.9599999785423279
1048576,902,46,50,1.0
1048576,984,46,50,1.0
1048576,82,47,50,0.0
1048576,164,47,50,0.0
1048576,246,47,50,0.0
1048576,328,47,50,0.0
1048576,410,47,50,0.0
1048576,492,47,50,0.0
1048576,574,47,50,0.03999999910593033
1048576,656,47,50,0.2199999988079071
1048576,738,47,50,0.8199999928474426
1048576,820,47,50,0.8799999952316284
1048576,902,47,50,0.9599999785423279
1048576,984,47,50,1.0
1048576,82,48,50,0.0
1048576,164,48,50,0.0
1048576,246,48,50,0.0
1048576,328,48,50,0.0
1048576,410,48,50,0.0
1048576,492,48,50,0.0
1048576,574,48,50,0.0
1048576,656,48,50,0.4000000059604645
1048576,738,48,50,0.7200000286102295
1048576,820,48,50,0.9599999785423279
1048576,902,48,50,0.9599999785423279
1048576,984,48,50,1.0
1048576,82,49,50,0.0
1048576,164,49,50,0.0
1048576,246,49,50,0.0
1048576,328,49,50,0.0
1048576,410,49,50,0.0
1048576,492,49,50,0.0
1048576,574,49,50,0.019999999552965164
1048576,656,49,50,0.14000000059604645
1048576,738,49,50,0.6800000071525574
1048576,820,49,50,0.9200000166893005
1048576,902,49,50,0.9800000190734863
1048576,984,49,50,1.0
1048576,82,50,50,0.0
1048576,164,50,50,0.0
1048576,246,50,50,0.0
1048576,328,50,50,0.0
1048576,410,50,50,0.0
1048576,492,50,50,0.0
1048576,574,50,50,0.0
1048576,656,50,50,0.1599999964237213
1048576,738,50,50,0.46000000834465027
1048576,820,50,50,0.8399999737739563
1048576,902,50,50,0.9200000166893005
1048576,984,50,50,0.9399999976158142
1048576,82,51,50,0.0
1048576,164,51,50,0.0
1048576,246,51,50,0.0
1048576,328,51,50,0.0
1048576,410,51,50,0.0
1048576,492,51,50,0.0
1048576,574,51,50,0.0
1048576,656,51,50,0.11999999731779099
1048576,738,51,50,0.5400000214576721
1048576,820,51,50,0.9200000166893005
1048576,902,51,50,0.8999999761581421
1048576,984,51,50,0.9599999785423279
1048576,82,52,50,0.0
1048576,164,52,50,0.0
1048576,246,52,50,0.0
1048576,328,52,50,0.0
1048576,410,52,50,0.0
1048576,492,52,50,0.0
1048576,574,52,50,0.019999999552965164
1048576,656,52,50,0.10000000149011612
1048576,738,52,50,0.46000000834465027
1048576,820,52,50,0.6800000071525574
1048576,902,52,50,0.9399999976158142
1048576,984,52,50,0.9800000190734863
1048576,82,53,50,0.0
1048576,164,53,50,0.0
1048576,246,53,50,0.0
1048576,328,53,50,0.0
1048576,410,53,50,0.0
1048576,492,53,50,0.0
1048576,574,53,50,0.0
1048576,656,53,50,0.11999999731779099
1048576,738,53,50,0.3799999952316284
1048576,820,53,50,0.7200000286102295
1048576,902,53,50,0.8799999952316284
1048576,984,53,50,0.9599999785423279
1048576,82,54,50,0.0
1048576,164,54,50,0.0
1048576,246,54,50,0.0
1048576,328,54,50,0.0
1048576,410,54,50,0.0
1048576,492,54,50,0.0
1048576,574,54,50,0.0
1048576,656,54,50,0.03999999910593033
1048576,738,54,50,0.4399999976158142
1048576,820,54,50,0.699999988079071
1048576,902,54,50,0.9200000166893005
1048576,984,54,50,0.9599999785423279
1048576,82,55,50,0.0
1048576,164,55,50,0.0
1048576,246,55,50,0.0
1048576,328,55,50,0.0
1048576,410,55,50,0.0
1048576,492,55,50,0.0
1048576,574,55,50,0.0
1048576,656,55,50,0.0
1048576,738,55,50,0.30000001192092896
1048576,820,55,50,0.6800000071525574
1048576,902,55,50,0.800000011920929
1048576,984,55,50,0.9800000190734863
1048576,82,56,50,0.0
1048576,164,56,50,0.0
1048576,246,56,50,0.0
1048576,328,56,50,0.0
1048576,410,56,50,0.0
1048576,492,56,50,0.0
1048576,574,56,50,0.0
1048576,656,56,50,0.019999999552965164
1048576,738,56,50,0.18000000715255737
1048576,820,56,50,0.41999998688697815
1048576,902,56,50,0.9200000166893005
1048576,984,56,50,0.9399999976158142
1048576,82,57,50,0.0
1048576,164,57,50,0.0
1048576,246,57,50,0.0
1048576,328,57,50,0.0
1048576,410,57,50,0.0
1048576,492,57,50,0.0
1048576,574,57,50,0.0
1048576,656,57,50,0.0
1048576,738,57,50,0.1599999964237213
1048576,820,57,50,0.5600000023841858
1048576,902,57,50,0.6800000071525574
1048576,984,57,50,0.8399999737739563
1048576,82,58,50,0.0
1048576,164,58,50,0.0
1048576,246,58,50,0.0
1048576,328,58,50,0.0
1048576,410,58,50,0.0
1048576,492,58,50,0.0
1048576,574,58,50,0.0
1048576,656,58,50,0.0
1048576,738,58,50,0.1599999964237213
1048576,820,58,50,0.4399999976158142
1048576,902,58,50,0.699999988079071
1048576,984,58,50,0.8799999952316284
1048576,82,59,50,0.0
1048576,164,59,50,0.0
1048576,246,59,50,0.0
1048576,328,59,50,0.0
1048576,410,59,50,0.0
1048576,492,59,50,0.0
1048576,574,59,50,0.0
1048576,656,59,50,0.0
1048576,738,59,50,0.05999999865889549
1048576,820,59,50,0.36000001430511475
1048576,902,59,50,0.699999988079071
1048576,984,59,50,0.9399999976158142
1048576,82,60,50,0.0
1048576,164,60,50,0.0
1048576,246,60,50,0.0
1048576,328,60,50,0.0
1048576,410,60,50,0.0
1048576,492,60,50,0.0
1048576,574,60,50,0.0
1048576,656,60,50,0.0
1048576,738,60,50,0.03999999910593033
1048576,820,60,50,0.3799999952316284
1048576,902,60,50,0.7200000286102295
1048576,984,60,50,0.7799999713897705
1048576,82,61,50,0.0
1048576,164,61,50,0.0
1048576,246,61,50,0.0
1048576,328,61,50,0.0
1048576,410,61,50,0.0
1048576,492,61,50,0.0
1048576,574,61,50,0.0
1048576,656,61,50,0.0
1048576,738,61,50,0.07999999821186066
1048576,820,61,50,0.14000000059604645
1048576,902,61,50,0.6600000262260437
1048576,984,61,50,0.8600000143051147
1048576,82,62,50,0.0
1048576,164,62,50,0.0
1048576,246,62,50,0.0
1048576,328,62,50,0.0
1048576,410,62,50,0.0
1048576,492,62,50,0.0
1048576,574,62,50,0.0
1048576,656,62,50,0.0
1048576,738,62,50,0.019999999552965164
1048576,820,62,50,0.30000001192092896
1048576,902,62,50,0.4399999976158142
1048576,984,62,50,0.699999988079071
1048576,82,63,50,0.0
1048576,164,63,50,0.0
1048576,246,63,50,0.0
1048576,328,63,50,0.0
1048576,410,63,50,0.0
1048576,492,63,50,0.0
1048576,574,63,50,0.0
1048576,656,63,50,0.0
1048576,738,63,50,0.03999999910593033
1048576,820,63,50,0.20000000298023224
1048576,902,63,50,0.6000000238418579
1048576,984,63,50,0.7599999904632568
1048576,82,64,50,0.0
1048576,164,64,50,0.0
1048576,246,64,50,0.0
1048576,328,64,50,0.0
1048576,410,64,50,0.0
1048576,492,64,50,0.0
1048576,574,64,50,0.0
1048576,656,64,50,0.0
1048576,738,64,50,0.0
1048576,820,64,50,0.11999999731779099
1048576,902,64,50,0.5
1048576,984,64,50,0.6600000262260437
1048576,82,65,50,0.0
1048576,164,65,50,0.0
1048576,246,65,50,0.0
1048576,328,65,50,0.0
1048576,410,65,50,0.0
1048576,492,65,50,0.0
1048576,574,65,50,0.0
1048576,656,65,50,0.0
1048576,738,65,50,0.0
1048576,820,65,50,0.14000000059604645
1048576,902,65,50,0.3400000035762787
1048576,984,65,50,0.6600000262260437
1048576,82,66,50,0.0
1048576,164,66,50,0.0
1048576,246,66,50,0.0
1048576,328,66,50,0.0
1048576,410,66,50,0.0
1048576,492,66,50,0.0
1048576,574,66,50,0.0
1048576,656,66,50,0.0
1048576,738,66,50,0.0
1048576,820,66,50,0.07999999821186066
1048576,902,66,50,0.23999999463558197
1048576,984,66,50,0.6800000071525574
1048576,82,67,50,0.0
1048576,164,67,50,0.0
1048576,246,67,50,0.0
1048576,328,67,50,0.0
1048576,410,67,50,0.0
1048576,492,67,50,0.0
1048576,574,67,50,0.0
1048576,656,67,50,0.0
1048576,738,67,50,0.0
1048576,820,67,50,0.03999999910593033
1048576,902,67,50,0.3199999928474426
1048576,984,67,50,0.6000000238418579
1048576,82,68,50,0.0
1048576,164,68,50,0.0
1048576,246,68,50,0.0
1048576,328,68,50,0.0
1048576,410,68,50,0.0
1048576,492,68,50,0.0
1048576,574,68,50,0.0
1048576,656,68,50,0.0
1048576,738,68,50,0.0
1048576,820,68,50,0.019999999552965164
1048576,902,68,50,0.23999999463558197
1048576,984,68,50,0.3400000035762787
1048576,82,69,50,0.0
1048576,164,69,50,0.0
1048576,246,69,50,0.0
1048576,328,69,50,0.0
1048576,410,69,50,0.0
1048576,492,69,50,0.0
1048576,574,69,50,0.0
1048576,656,69,50,0.0
1048576,738,69,50,0.0
1048576,820,69,50,0.0
1048576,902,69,50,0.14000000059604645
1048576,984,69,50,0.5400000214576721
1048576,82,70,50,0.0
1048576,164,70,50,0.0
1048576,246,70,50,0.0
1048576,328,70,50,0.0
1048576,410,70,50,0.0
1048576,492,70,50,0.0
1048576,574,70,50,0.0
1048576,656,70,50,0.0
1048576,738,70,50,0.0
1048576,820,70,50,0.019999999552965164
1048576,902,70,50,0.10000000149011612
1048576,984,70,50,0.5
1048576,82,71,50,0.0
1048576,164,71,50,0.0
1048576,246,71,50,0.0
1048576,328,71,50,0.0
1048576,410,71,50,0.0
1048576,492,71,50,0.0
1048576,574,71,50,0.0
1048576,656,71,50,0.0
1048576,738,71,50,0.0
1048576,820,71,50,0.019999999552965164
1048576,902,71,50,0.11999999731779099
1048576,984,71,50,0.3400000035762787
1048576,82,72,50,0.0
1048576,164,72,50,0.0
1048576,246,72,50,0.0
1048576,328,72,50,0.0
1048576,410,72,50,0.0
1048576,492,72,50,0.0
1048576,574,72,50,0.0
1048576,656,72,50,0.0
1048576,738,72,50,0.0
1048576,820,72,50,0.0
1048576,902,72,50,0.07999999821186066
1048576,984,72,50,0.30000001192092896
1048576,82,73,50,0.0
1048576,164,73,50,0.0
1048576,246,73,50,0.0
1048576,328,73,50,0.0
1048576,410,73,50,0.0
1048576,492,73,50,0.0
1048576,574,73,50,0.0
1048576,656,73,50,0.0
1048576,738,73,50,0.0
1048576,820,73,50,0.0
1048576,902,73,50,0.14000000059604645
1048576,984,73,50,0.23999999463558197
1048576,82,74,50,0.0
1048576,164,74,50,0.0
1048576,246,74,50,0.0
1048576,328,74,50,0.0
1048576,410,74,50,0.0
1048576,492,74,50,0.0
1048576,574,74,50,0.0
1048576,656,74,50,0.0
1048576,738,74,50,0.0
1048576,820,74,50,0.0
1048576,902,74,50,0.019999999552965164
1048576,984,74,50,0.2800000011920929
1048576,82,75,50,0.0
1048576,164,75,50,0.0
1048576,246,75,50,0.0
1048576,328,75,50,0.0
1048576,410,75,50,0.0
1048576,492,75,50,0.0
1048576,574,75,50,0.0
1048576,656,75,50,0.0
1048576,738,75,50,0.0
1048576,820,75,50,0.0
1048576,902,75,50,0.05999999865889549
1048576,984,75,50,0.14000000059604645
1048576,82,76,50,0.0
1048576,164,76,50,0.0
1048576,246,76,50,0.0
1048576,328,76,50,0.0
1048576,410,76,50,0.0
1048576,492,76,50,0.0
1048576,574,76,50,0.0
1048576,656,76,50,0.0
1048576,738,76,50,0.0
1048576,820,76,50,0.0
1048576,902,76,50,0.05999999865889549
1048576,984,76,50,0.20000000298023224
1048576,82,77,50,0.0
1048576,164,77,50,0.0
1048576,246,77,50,0.0
1048576,328,77,50,0.0
1048576,410,77,50,0.0
1048576,492,77,50,0.0
1048576,574,77,50,0.0
1048576,656,77,50,0.0
1048576,738,77,50,0.0
1048576,820,77,50,0.0
1048576,902,77,50,0.03999999910593033
1048576,984,77,50,0.20000000298023224
1048576,82,78,50,0.0
1048576,164,78,50,0.0
1048576,246,78,50,0.0
1048576,328,78,50,0.0
1048576,410,78,50,0.0
1048576,492,78,50,0.0
1048576,574,78,50,0.0
1048576,656,78,50,0.0
1048576,738,78,50,0.0
1048576,820,78,50,0.0
1048576,902,78,50,0.0
1048576,984,78,50,0.11999999731779099
1048576,82,79,50,0.0
1048576,164,79,50,0.0
1048576,246,79,50,0.0
1048576,328,79,50,0.0
1048576,410,79,50,0.0
1048576,492,79,50,0.0
1048576,574,79,50,0.0
1048576,656,79,50,0.0
1048576,738,79,50,0.0
1048576,820,79,50,0.0
1048576,902,79,50,0.0
1048576,984,79,50,0.05999999865889549
1048576,287,62,50,0.0
1048576,1312,84,50,0.7400000095367432
1048576,861,68,50,0.07999999821186066
1048576,1148,98,50,0.0
1048576,697,82,50,0.0
1048576,41,42,50,0.0
1048576,451,26,50,0.8399999737739563
1048576,1066,64,50,0.9399999976158142
1048576,1927,100,50,1.0
1048576,451,62,50,0.0
1048576,1476,84,50,0.9399999976158142
1048576,1271,60,50,1.0
1048576,779,92,50,0.0
1048576,615,20,50,1.0
1048576,1681,80,50,1.0
1048576,123,52,50,0.0
1048576,123,88,50,0.0
1048576,533,72,50,0.0
1048576,943,92,50,0.0
1048576,861,22,50,1.0
1048576,1517,98,50,0.800000011920929
1048576,287,52,50,0.0
1048576,1312,74,50,0.9399999976158142
1048576,861,58,50,0.5600000023841858
1048576,1148,88,50,0.07999999821186066
1048576,697,72,50,0.0
1048576,1107,56,50,0.9800000190734863
1048576,1722,94,50,0.9599999785423279
1048576,41,32,50,0.0
1048576,451,16,50,1.0
1048576,1066,54,50,1.0
1048576,1107,92,50,0.03999999910593033
1048576,574,86,50,0.0
1048576,369,62,50,0.0
1048576,205,76,50,0.0
1048576,369,98,50,0.0
1048576,779,82,50,0.0
1048576,123,42,50,0.0
1048576,533,62,50,0.0
1048576,1394,98,50,0.5199999809265137
1048576,287,6,50,1.0
1048576,943,82,50,0.019999999552965164
1048576,1353,66,50,1.0
1048576,1517,88,50,0.9599999785423279
1048576,287,42,50,0.0
1048576,697,26,50,1.0
1048576,1312,64,50,0.9599999785423279
1048576,1148,78,50,0.5400000214576721
1048576,820,96,50,0.0
1048576,697,62,50,0.0
1048576,1107,46,50,1.0
1048576,615,72,50,0.0
1048576,1558,98,50,0.8199999928474426
1048576,451,6,50,1.0
1048576,1025,92,50,0.0
1048576,369,52,50,0.0
1048576,205,66,50,0.0
1048576,984,96,50,0.0
1048576,779,72,50,0.0
1048576,123,32,50,0.0
1048576,1189,92,50,0.07999999821186066
1048576,1763,98,50,0.9599999785423279
1048576,533,52,50,0.0
1048576,943,36,50,1.0
1048576,1394,88,50,0.8600000143051147
1048576,943,72,50,0.2800000011920929
1048576,1353,56,50,1.0
1048576,697,16,50,1.0
1048576,246,80,50,0.0
1048576,820,86,50,0.0
1048576,615,62,50,0.0
1048576,656,100,50,0.0
1048576,1025,82,50,0.05999999865889549
1048576,369,42,50,0.0
1048576,205,56,50,0.0
1048576,984,86,50,0.019999999552965164
1048576,779,62,50,0.11999999731779099
1048576,1189,46,50,1.0
1048576,123,22,50,0.0
1048576,533,6,50,1.0
1048576,1189,82,50,0.5799999833106995
1048576,861,100,50,0.0
1048576,533,42,50,0.07999999821186066
1048576,41,74,50,0.0
1048576,1394,78,50,0.9200000166893005
1048576,1066,96,50,0.019999999552965164
1048576,451,94,50,0.0
1048576,1271,92,50,0.30000001192092896
1048576,615,52,50,0.05999999865889549
1048576,656,90,50,0.0
1048576,1640,80,50,1.0
1048576,1230,96,50,0.10000000149011612
1048576,1025,72,50,0.5600000023841858
1048576,369,32,50,0.03999999910593033
1048576,779,16,50,1.0
1048576,1435,92,50,0.7799999713897705
1048576,779,52,50,0.6399999856948853
1048576,861,90,50,0.0
1048576,1066,86,50,0.07999999821186066
1048576,1271,82,50,0.7599999904632568
1048576,1230,50,50,1.0
1048576,615,42,50,0.47999998927116394
1048576,1230,86,50,0.41999998688697815
1048576,1025,62,50,0.8199999928474426
1048576,1435,82,50,0.9599999785423279
1048576,205,36,50,0.0
1048576,1312,96,50,0.3400000035762787
1048576,861,80,50,0.0
1048576,1066,76,50,0.4399999976158142
1048576,902,90,50,0.0
1048576,1476,96,50,0.7599999904632568
1048576,1271,72,50,0.9800000190734863
1048576,615,32,50,0.9599999785423279
1048576,1681,92,50,0.9200000166893005
1048576,738,80,50,0.0
1048576,1312,86,50,0.6200000047683716
1048576,861,70,50,0.05999999865889549
1048576,1148,100,50,0.019999999552965164
1048576,41,8,50,0.0
1048576,1107,68,50,0.8999999761581421
1048576,451,28,50,0.7599999904632568
1048576,1066,66,50,0.8399999737739563
1048576,902,80,50,0.019999999552965164
1048576,1271,62,50,1.0
1048576,943,94,50,0.0
1048576,861,24,50,1.0
1048576,1517,100,50,0.7599999904632568
1048576,697,38,50,0.8999999761581421
1048576,1312,76,50,0.9399999976158142
1048576,1148,90,50,0.03999999910593033
1048576,1558,74,50,1.0
1048576,697,74,50,0.0
1048576,1107,58,50,0.9599999785423279
1048576,1722,96,50,1.0
1048576,451,18,50,1.0
1048576,779,84,50,0.0
1048576,533,64,50,0.0
1048576,943,48,50,1.0
1048576,1394,100,50,0.36000001430511475
1048576,287,8,50,1.0
1048576,943,84,50,0.0
1048576,1353,68,50,1.0
1048576,1148,44,50,1.0
1048576,697,28,50,1.0
1048576,1148,80,50,0.47999998927116394
1048576,1107,48,50,1.0
1048576,451,8,50,1.0
1048576,1025,94,50,0.0
1048576,369,54,50,0.0
1048576,984,98,50,0.0
1048576,779,74,50,0.0
1048576,123,34,50,0.0
1048576,533,18,50,1.0
1048576,1189,94,50,0.10000000149011612
1048576,1599,78,50,0.9800000190734863
1048576,533,54,50,0.0
1048576,943,38,50,1.0
1048576,1394,90,50,0.6800000071525574
1048576,1353,58,50,1.0
1048576,697,18,50,1.0
1048576,820,88,50,0.0
1048576,1107,38,50,1.0
1048576,615,64,50,0.0
1048576,1025,84,50,0.05999999865889549
1048576,369,44,50,0.0
1048576,779,28,50,1.0
1048576,984,88,50,0.019999999552965164
1048576,779,64,50,0.03999999910593033
1048576,1189,48,50,1.0
1048576,533,8,50,1.0
1048576,1189,84,50,0.47999998927116394
1048576,943,28,50,1.0
1048576,1066,98,50,0.0
1048576,1271,94,50,0.30000001192092896
1048576,1230,62,50,1.0
1048576,615,54,50,0.0
1048576,1640,82,50,0.9800000190734863
1048576,1230,98,50,0.05999999865889549
1048576,1025,74,50,0.36000001430511475
1048576,205,12,50,0.7200000286102295
1048576,369,34,50,0.0
1048576,779,18,50,1.0
1048576,1435,94,50,0.7200000286102295
1048576,1066,88,50,0.03999999910593033
1048576,615,8,50,1.0
1048576,1271,84,50,0.7799999713897705
1048576,1230,52,50,0.9800000190734863
1048576,615,44,50,0.36000001430511475
1048576,205,2,50,1.0
1048576,1312,98,50,0.30000001192092896
1048576,861,82,50,0.0
1048576,1066,42,50,1.0
1048576,451,40,50,0.019999999552965164
1048576,1066,78,50,0.30000001192092896
1048576,902,92,50,0.0
1048576,1476,98,50,0.7200000286102295
1048576,1271,74,50,1.0
1048576,861,36,50,1.0
1048576,738,82,50,0.0
1048576,697,50,50,0.3199999928474426
1048576,1312,88,50,0.5799999833106995
1048576,861,72,50,0.019999999552965164
1048576,41,10,50,0.0
1048576,1107,70,50,0.8199999928474426
1048576,451,30,50,0.5600000023841858
1048576,902,82,50,0.0
1048576,287,20,50,0.30000001192092896
1048576,943,96,50,0.0
1048576,1353,80,50,0.8600000143051147
1048576,861,26,50,1.0
1048576,1148,56,50,0.9800000190734863
1048576,697,40,50,0.8999999761581421
1048576,1312,78,50,0.8399999737739563
1048576,1148,92,50,0.03999999910593033
1048576,1558,76,50,1.0
1048576,1107,60,50,0.9800000190734863
1048576,451,20,50,1.0
1048576,533,30,50,0.8999999761581421
1048576,1599,90,50,0.9800000190734863
1048576,1394,66,50,1.0
1048576,533,66,50,0.0
1048576,943,50,50,0.8799999952316284
1048576,287,10,50,1.0
1048576,1353,70,50,0.9599999785423279
1048576,1148,46,50,1.0
1048576,697,30,50,1.0
1048576,1107,50,50,1.0
1048576,451,10,50,1.0
1048576,1025,96,50,0.0
1048576,984,100,50,0.0
1048576,779,76,50,0.0
1048576,1189,60,50,1.0
1048576,123,36,50,0.0
1048576,533,20,50,1.0
1048576,1189,96,50,0.03999999910593033
1048576,1599,80,50,1.0
1048576,943,40,50,1.0
1048576,1353,60,50,1.0
1048576,697,20,50,1.0
1048576,1107,40,50,1.0
1048576,615,66,50,0.0
1048576,1640,94,50,0.9800000190734863
1048576,369,10,50,1.0
1048576,1025,86,50,0.03999999910593033
1048576,1435,70,50,1.0
1048576,369,46,50,0.0
1048576,779,30,50,1.0
1048576,1845,90,50,1.0
1048576,1189,50,50,1.0
1048576,533,10,50,1.0
1048576,943,30,50,1.0
1048576,1066,100,50,0.0
1048576,1271,96,50,0.2800000011920929
1048576,1230,64,50,0.9800000190734863
1048576,820,80,50,0.0
1048576,615,56,50,0.0
1048576,1025,40,50,1.0
1048576,1230,100,50,0.03999999910593033
1048576,1640,84,50,0.9800000190734863
1048576,1025,76,50,0.30000001192092896
1048576,205,14,50,0.3199999928474426
1048576,779,20,50,1.0
1048576,451,52,50,0.0
1048576,1476,74,50,1.0
1048576,1066,90,50,0.0
1048576,1271,50,50,1.0
1048576,1886,94,50,1.0
1048576,615,10,50,1.0
1048576,1271,86,50,0.7200000286102295
1048576,1230,54,50,1.0
1048576,205,4,50,1.0
1048576,861,48,50,1.0
1048576,1312,100,50,0.1599999964237213
1048576,1722,84,50,1.0
1048576,861,84,50,0.0
1048576,41,22,50,0.0
1048576,1066,44,50,1.0
1048576,1107,82,50,0.3199999928474426
1048576,451,42,50,0.0
1048576,1066,80,50,0.2199999988079071
1048576,1476,64,50,0.9800000190734863
1048576,902,94,50,0.0
1048576,1517,78,50,1.0
1048576,287,32,50,0.0
1048576,1312,54,50,1.0
1048576,1353,92,50,0.47999998927116394
1048576,861,38,50,0.9800000190734863
1048576,1148,68,50,0.8600000143051147
1048576,697,52,50,0.1599999964237213
1048576,1312,90,50,0.6200000047683716
1048576,1558,88,50,0.9800000190734863
1048576,41,12,50,0.0
1048576,1107,72,50,0.6399999856948853
1048576,451,32,50,0.5799999833106995
1048576,1763,88,50,0.9800000190734863
1048576,943,62,50,0.6600000262260437
1048576,1517,68,50,1.0
1048576,1804,98,50,0.9800000190734863
1048576,287,22,50,0.23999999463558197
1048576,1353,82,50,0.7799999713897705
1048576,861,28,50,1.0
1048576,1148,58,50,1.0
1048576,697,42,50,0.800000011920929
1048576,1558,78,50,1.0
1048576,41,2,50,0.7200000286102295
1048576,1107,62,50,0.9800000190734863
1048576,451,22,50,1.0
1048576,123,12,50,0.019999999552965164
1048576,1189,72,50,0.8600000143051147
1048576,533,32,50,0.8199999928474426
1048576,1599,92,50,0.8999999761581421
1048576,1394,68,50,0.9800000190734863
1048576,943,52,50,0.9399999976158142
1048576,1804,88,50,1.0
1048576,287,12,50,1.0
1048576,1353,72,50,0.9599999785423279
1048576,1148,48,50,1.0
1048576,697,32,50,1.0
1048576,1107,52,50,1.0
1048576,451,12,50,1.0
1048576,369,22,50,0.7799999713897705
1048576,1025,98,50,0.0
1048576,779,42,50,1.0
1048576,123,2,50,1.0
1048576,779,78,50,0.0
1048576,1189,62,50,1.0
1048576,533,22,50,1.0
1048576,1599,82,50,1.0
1048576,1394,58,50,1.0
1048576,943,42,50,1.0
1048576,287,2,50,1.0
1048576,1353,62,50,1.0
1048576,697,22,50,1.0
1048576,1230,76,50,0.8799999952316284
1048576,615,68,50,0.0
1048576,1025,52,50,1.0
1048576,1640,96,50,0.9599999785423279
1048576,369,12,50,1.0
1048576,1025,88,50,0.019999999552965164
1048576,1435,72,50,1.0
1048576,205,26,50,0.0
1048576,779,32,50,1.0
1048576,1845,92,50,1.0
1048576,1189,52,50,1.0
1048576,533,12,50,1.0
1048576,1599,72,50,1.0
1048576,943,32,50,1.0
1048576,1476,86,50,0.9200000166893005
1048576,615,22,50,1.0
1048576,1271,98,50,0.18000000715255737
1048576,1681,82,50,0.9800000190734863
1048576,820,82,50,0.0
1048576,1230,66,50,0.9599999785423279
1048576,615,58,50,0.0
1048576,1025,42,50,1.0
1048576,1640,86,50,0.9599999785423279
1048576,369,2,50,1.0
1048576,1435,62,50,1.0
1048576,205,16,50,0.10000000149011612
1048576,779,22,50,1.0
1048576,861,60,50,0.5400000214576721
1048576,533,2,50,1.0
1048576,1066,56,50,0.9599999785423279
1048576,1107,94,50,0.03999999910593033
1048576,451,54,50,0.0
1048576,1476,76,50,0.9399999976158142
1048576,1066,92,50,0.0
1048576,1271,52,50,1.0
1048576,1886,96,50,0.9800000190734863
1048576,615,12,50,1.0
1048576,1230,56,50,1.0
1048576,1025,32,50,1.0
1048576,1640,76,50,0.9599999785423279
1048576,205,6,50,1.0
1048576,1517,90,50,0.9399999976158142
1048576,287,44,50,0.0
1048576,1312,66,50,0.9800000190734863
1048576,861,50,50,0.8799999952316284
1048576,697,64,50,0.0
1048576,1722,86,50,1.0
1048576,1558,100,50,0.800000011920929
1048576,41,24,50,0.0
1048576,1066,46,50,1.0
1048576,1107,84,50,0.2199999988079071
1048576,451,44,50,0.0
1048576,1476,66,50,0.9800000190734863
1048576,1230,46,50,1.0
1048576,1763,100,50,0.9200000166893005
1048576,943,74,50,0.1599999964237213
1048576,1517,80,50,0.9800000190734863
1048576,287,34,50,0.0
1048576,1312,56,50,1.0
1048576,1353,94,50,0.46000000834465027
1048576,861,40,50,1.0
1048576,1148,70,50,0.8399999737739563
1048576,697,54,50,0.05999999865889549
1048576,1558,90,50,0.9800000190734863
1048576,41,14,50,0.0
1048576,1066,36,50,1.0
1048576,1107,74,50,0.699999988079071
1048576,451,34,50,0.18000000715255737
1048576,123,24,50,0.0
1048576,1763,90,50,0.9800000190734863
1048576,533,44,50,0.0
1048576,1394,80,50,0.9399999976158142
1048576,943,64,50,0.6399999856948853
1048576,1517,70,50,1.0
1048576,1804,100,50,0.9800000190734863
1048576,287,24,50,0.03999999910593033
1048576,1353,84,50,0.8199999928474426
1048576,861,30,50,1.0
1048576,1148,60,50,1.0
1048576,697,44,50,0.8399999737739563
1048576,1558,80,50,0.9800000190734863
1048576,41,4,50,0.0
1048576,1107,64,50,0.8600000143051147
1048576,451,24,50,0.9599999785423279
1048576,779,54,50,0.5
1048576,123,14,50,0.0
1048576,1189,74,50,0.8399999737739563
1048576,533,34,50,0.6000000238418579
1048576,1599,94,50,0.9399999976158142
1048576,1394,70,50,1.0
1048576,943,54,50,0.9200000166893005
1048576,1804,90,50,1.0
1048576,287,14,50,0.9800000190734863
1048576,1353,74,50,0.9200000166893005
1048576,1148,50,50,1.0
1048576,697,34,50,0.9800000190734863
1048576,1558,70,50,1.0
1048576,1230,88,50,0.3799999952316284
1048576,1107,54,50,0.9800000190734863
1048576,1025,64,50,0.8799999952316284
1048576,369,24,50,0.5400000214576721
1048576,1025,100,50,0.0
1048576,1435,84,50,0.8999999761581421
1048576,205,38,50,0.0
1048576,779,44,50,0.9599999785423279
1048576,123,4,50,1.0
1048576,1189,64,50,1.0
1048576,533,24,50,1.0
1048576,1599,84,50,1.0
1048576,1394,60,50,1.0
1048576,943,44,50,1.0
1048576,287,4,50,1.0
1048576,1353,64,50,0.9800000190734863
1048576,615,34,50,0.9599999785423279
1048576,1681,94,50,0.9599999785423279
1048576,1230,78,50,0.800000011920929
1048576,615,70,50,0.0
1048576,1025,54,50,0.9399999976158142
1048576,1640,98,50,0.9200000166893005
1048576,369,14,50,1.0
1048576,1435,74,50,0.9800000190734863
1048576,205,28,50,0.0
1048576,779,34,50,1.0
1048576,1845,94,50,1.0
1048576,1189,54,50,1.0
1048576,533,14,50,1.0
1048576,1599,74,50,1.0
1048576,1066,68,50,0.800000011920929
1048576,943,34,50,1.0
1048576,1476,88,50,0.8999999761581421
1048576,1271,64,50,1.0
1048576,615,24,50,1.0
1048576,1271,100,50,0.10000000149011612
1048576,1681,84,50,0.9599999785423279
1048576,1230,68,50,0.9800000190734863
1048576,1025,44,50,1.0
1048576,1640,88,50,0.9800000190734863
1048576,369,4,50,1.0
1048576,1435,64,50,1.0
1048576,205,18,50,0.03999999910593033
1048576,779,24,50,1.0
1048576,1189,44,50,1.0
1048576,861,62,50,0.4000000059604645
1048576,697,76,50,0.0
1048576,1722,98,50,0.9200000166893005
1048576,1066,58,50,0.9599999785423279
1048576,1107,96,50,0.019999999552965164
1048576,451,56,50,0.0
1048576,1476,78,50,1.0
1048576,1271,54,50,1.0
1048576,1886,98,50,0.9599999785423279
1048576,615,14,50,1.0
1048576,1230,58,50,1.0
1048576,1025,34,50,1.0
1048576,1640,78,50,0.9800000190734863
1048576,205,8,50,1.0
1048576,943,86,50,0.019999999552965164
1048576,1517,92,50,0.8799999952316284
1048576,287,46,50,0.0
1048576,1312,68,50,0.9599999785423279
1048576,861,52,50,0.8799999952316284
1048576,1148,82,50,0.4000000059604645
1048576,697,66,50,0.0
1048576,1722,88,50,0.9800000190734863
1048576,41,26,50,0.0
1048576,1066,48,50,1.0
1048576,1107,86,50,0.18000000715255737
1048576,451,46,50,0.0
1048576,1476,68,50,1.0
1048576,1230,48,50,1.0
1048576,533,56,50,0.0
1048576,1394,92,50,0.7200000286102295
1048576,943,76,50,0.03999999910593033
1048576,1517,82,50,1.0
1048576,287,36,50,0.0
1048576,1312,58,50,1.0
1048576,1353,96,50,0.4399999976158142
1048576,861,42,50,0.9800000190734863
1048576,1148,72,50,0.8600000143051147
1048576,697,56,50,0.019999999552965164
1048576,1558,92,50,0.9200000166893005
1048576,41,16,50,0.0
1048576,1066,38,50,1.0
1048576,1107,76,50,0.6600000262260437
1048576,451,36,50,0.03999999910593033
1048576,984,90,50,0.0
1048576,779,66,50,0.03999999910593033
1048576,123,26,50,0.0
1048576,1189,86,50,0.36000001430511475
1048576,1763,92,50,0.9800000190734863
1048576,533,46,50,0.03999999910593033
1048576,1394,82,50,0.9200000166893005
1048576,943,66,50,0.25999999046325684
1048576,1517,72,50,1.0
1048576,287,26,50,0.019999999552965164
1048576,1353,86,50,0.8399999737739563
1048576,861,32,50,1.0
1048576,1148,62,50,0.9399999976158142
1048576,697,46,50,0.6399999856948853
1048576,1558,82,50,0.9599999785423279
1048576,41,6,50,0.0
1048576,1107,66,50,0.8999999761581421
1048576,369,36,50,0.0
1048576,1435,96,50,0.800000011920929
1048576,984,80,50,0.07999999821186066
1048576,779,56,50,0.30000001192092896
1048576,123,16,50,0.0
1048576,1189,76,50,0.7599999904632568
1048576,533,36,50,0.5
1048576,1599,96,50,0.8999999761581421
1048576,1394,72,50,0.9800000190734863
1048576,943,56,50,0.8600000143051147
1048576,1804,92,50,1.0
1048576,287,16,50,0.9200000166893005
1048576,1353,76,50,0.9800000190734863
1048576,1148,52,50,1.0
1048576,697,36,50,0.9800000190734863
1048576,615,46,50,0.1599999964237213
1048576,1558,72,50,1.0
1048576,1230,90,50,0.4399999976158142
1048576,1025,66,50,0.7200000286102295
1048576,369,26,50,0.4000000059604645
1048576,1435,86,50,0.9200000166893005
1048576,205,40,50,0.0
1048576,779,46,50,0.9599999785423279
1048576,123,6,50,1.0
1048576,1189,66,50,0.9800000190734863
1048576,533,26,50,1.0
1048576,1599,86,50,0.9599999785423279
1048576,1394,62,50,1.0
1048576,943,46,50,0.9800000190734863
1048576,1476,100,50,0.5600000023841858
1048576,1271,76,50,0.8799999952316284
1048576,1148,42,50,1.0
1048576,615,36,50,0.8999999761581421
1048576,1681,96,50,0.8999999761581421
1048576,1230,80,50,0.6000000238418579
1048576,1025,56,50,0.9800000190734863
1048576,1640,100,50,0.8600000143051147
1048576,369,16,50,1.0
1048576,1435,76,50,0.9800000190734863
1048576,205,30,50,0.0
1048576,779,36,50,1.0
1048576,1845,96,50,0.9599999785423279
1048576,1189,56,50,0.9800000190734863
1048576,861,74,50,0.019999999552965164
1048576,533,16,50,1.0
1048576,1599,76,50,0.9800000190734863
1048576,1066,70,50,0.7400000095367432
1048576,902,84,50,0.0
1048576,1476,90,50,0.8799999952316284
1048576,1271,66,50,0.9599999785423279
1048576,615,26,50,0.9800000190734863
1048576,1681,86,50,1.0
1048576,1230,70,50,0.9800000190734863
1048576,1025,46,50,1.0
1048576,1640,90,50,1.0
1048576,369,6,50,1.0
1048576,1435,66,50,1.0
1048576,205,20,50,0.0
1048576,779,26,50,1.0
1048576,1312,80,50,0.8399999737739563
1048576,861,64,50,0.20000000298023224
1048576,1148,94,50,0.07999999821186066
1048576,697,78,50,0.0
1048576,1722,100,50,0.9399999976158142
1048576,1066,60,50,0.9599999785423279
1048576,1107,98,50,0.0
1048576,451,58,50,0.0
1048576,1476,80,50,0.8999999761581421
1048576,1271,56,50,1.0
1048576,1886,100,50,0.9800000190734863
1048576,615,16,50,1.0
1048576,1230,60,50,0.9800000190734863
1048576,1025,36,50,1.0
1048576,205,10,50,0.9599999785423279
1048576,943,88,50,0.0
1048576,1517,94,50,0.9200000166893005
1048576,287,48,50,0.0
1048576,1312,70,50,0.9599999785423279
1048576,861,54,50,0.8199999928474426
1048576,1148,84,50,0.4000000059604645
1048576,697,68,50,0.0
1048576,1722,90,50,0.9599999785423279
1048576,41,28,50,0.0
1048576,1066,50,50,1.0
1048576,1107,88,50,0.03999999910593033
1048576,451,48,50,0.0
1048576,1476,70,50,1.0
1048576,123,38,50,0.0
1048576,1189,98,50,0.03999999910593033
1048576,533,58,50,0.0
1048576,1394,94,50,0.6000000238418579
1048576,943,78,50,0.019999999552965164
1048576,1968,100,50,1.0
1048576,1517,84,50,0.9599999785423279
1048576,287,38,50,0.0
1048576,1312,60,50,1.0
1048576,1353,98,50,0.3199999928474426
1048576,861,44,50,1.0
1048576,1148,74,50,0.800000011920929
1048576,697,58,50,0.03999999910593033
1048576,1107,42,50,1.0
1048576,1558,94,50,0.9399999976158142
1048576,41,18,50,0.0
1048576,451,2,50,1.0
1048576,1066,40,50,1.0
1048576,1107,78,50,0.46000000834465027
1048576,451,38,50,0.0
1048576,369,48,50,0.0
1048576,984,92,50,0.0
1048576,779,68,50,0.0
1048576,123,28,50,0.0
1048576,1189,88,50,0.30000001192092896
1048576,1763,94,50,0.9599999785423279
1048576,533,48,50,0.0
1048576,1394,84,50,0.9200000166893005
1048576,943,68,50,0.25999999046325684
1048576,1517,74,50,1.0
1048576,287,28,50,0.0
1048576,697,12,50,1.0
1048576,1353,88,50,0.699999988079071
1048576,861,34,50,1.0
1048576,1148,64,50,0.9599999785423279
1048576,697,48,50,0.5
1048576,1558,84,50,0.9800000190734863
1048576,1025,78,50,0.23999999463558197
1048576,369,38,50,0.0
1048576,1435,98,50,0.6000000238418579
1048576,984,82,50,0.0
1048576,779,58,50,0.3199999928474426
1048576,123,18,50,0.0
1048576,1189,78,50,0.7400000095367432
1048576,1763,84,50,1.0
1048576,533,38,50,0.3799999952316284
1048576,1599,98,50,0.7799999713897705
1048576,1394,74,50,0.9599999785423279
1048576,943,58,50,0.8399999737739563
1048576,1804,94,50,0.9800000190734863
1048576,287,18,50,0.699999988079071
1048576,1353,78,50,0.8999999761581421
1048576,1271,88,50,0.6000000238418579
1048576,1148,54,50,0.9800000190734863
1048576,615,48,50,0.18000000715255737
1048576,1230,92,50,0.2800000011920929
1048576,1025,68,50,0.7799999713897705
1048576,369,28,50,0.30000001192092896
1048576,1435,88,50,0.8799999952316284
1048576,205,42,50,0.0
1048576,779,48,50,0.7799999713897705
1048576,123,8,50,0.5600000023841858
1048576,1189,68,50,0.9200000166893005
1048576,861,86,50,0.0
1048576,533,28,50,0.9800000190734863
1048576,1599,88,50,0.9800000190734863
1048576,1394,64,50,1.0
1048576,1066,82,50,0.20000000298023224
1048576,1271,78,50,0.9399999976158142
1048576,615,38,50,0.7599999904632568
1048576,1681,98,50,0.9599999785423279
1048576,1230,82,50,0.6399999856948853
1048576,1025,58,50,0.9599999785423279
1048576,369,18,50,0.9800000190734863
1048576,1435,78,50,0.9800000190734863
1048576,205,32,50,0.0
1048576,779,38,50,1.0
1048576,1845,98,50,0.9800000190734863
1048576,1312,92,50,0.5199999809265137
1048576,1189,58,50,1.0
1048576,861,76,50,0.0
1048576,1066,72,50,0.699999988079071
1048576,902,86,50,0.0
1048576,1476,92,50,0.8399999737739563
1048576,1271,68,50,0.9800000190734863
1048576,615,28,50,1.0
1048576,1681,88,50,0.9800000190734863
1048576,1230,72,50,0.8799999952316284
1048576,1025,48,50,1.0
1048576,1640,92,50,0.9599999785423279
1048576,369,8,50,1.0
1048576,1435,68,50,1.0
1048576,205,22,50,0.0
1048576,1312,82,50,0.8600000143051147
1048576,861,66,50,0.14000000059604645
1048576,1148,96,50,0.019999999552965164
1048576,1066,62,50,0.8799999952316284
1048576,1107,100,50,0.019999999552965164
1048576,1927,98,50,0.9800000190734863
1048576,451,60,50,0.0
1048576,1476,82,50,0.9599999785423279
1048576,1271,58,50,1.0
1048576,615,18,50,1.0
1048576,1681,78,50,1.0
1048576,1025,38,50,1.0
1048576,943,90,50,0.0
1048576,1517,96,50,0.800000011920929
1048576,1312,72,50,0.9399999976158142
1048576,861,56,50,0.6000000238418579
1048576,1148,86,50,0.25999999046325684
1048576,697,70,50,0.0
1048576,1722,92,50,0.9599999785423279
1048576,41,30,50,0.0
1048576,451,14,50,1.0
1048576,1066,52,50,1.0
1048576,1107,90,50,0.019999999552965164
1048576,451,50,50,0.0
1048576,1476,72,50,1.0
1048576,779,80,50,0.0
1048576,1189,100,50,0.03999999910593033
1048576,533,60,50,0.0
1048576,1394,96,50,0.5199999809265137
1048576,943,80,50,0.0
1048576,1517,86,50,0.9599999785423279
1048576,287,40,50,0.0
1048576,697,24,50,1.0
1048576,1312,62,50,1.0
1048576,1353,100,50,0.2800000011920929
1048576,861,46,50,1.0
1048576,1148,76,50,0.6800000071525574
1048576,697,60,50,0.0
1048576,1107,44,50,1.0
1048576,1722,82,50,1.0
1048576,1558,96,50,0.8799999952316284
1048576,41,20,50,0.0
1048576,451,4,50,1.0
1048576,1107,80,50,0.3199999928474426
1048576,1025,90,50,0.0
1048576,369,50,50,0.0
1048576,984,94,50,0.0
1048576,779,70,50,0.0
1048576,123,30,50,0.0
1048576,1189,90,50,0.2800000011920929
1048576,1763,96,50,0.9800000190734863
1048576,533,50,50,0.0
1048576,1394,86,50,0.8199999928474426
1048576,943,70,50,0.36000001430511475
1048576,1517,76,50,0.9800000190734863
1048576,287,30,50,0.0
1048576,697,14,50,1.0
1048576,1312,52,50,1.0
1048576,1353,90,50,0.6800000071525574
1048576,1148,66,50,0.9399999976158142
1048576,820,84,50,0.0
1048576,615,60,50,0.0
1048576,1558,86,50,0.9399999976158142
1048576,1025,80,50,0.18000000715255737
1048576,369,40,50,0.0
1048576,1435,100,50,0.5199999809265137
1048576,984,84,50,0.03999999910593033
1048576,779,60,50,0.14000000059604645
1048576,123,20,50,0.0
1048576,533,4,50,1.0
1048576,1189,80,50,0.5199999809265137
1048576,1763,86,50,1.0
1048576,533,40,50,0.1599999964237213
1048576,1599,100,50,0.8199999928474426
1048576,1394,76,50,0.9599999785423279
1048576,1066,94,50,0.0
1048576,943,60,50,0.6399999856948853
1048576,1804,96,50,0.9399999976158142
1048576,1271,90,50,0.5600000023841858
1048576,615,50,50,0.07999999821186066
1048576,1230,94,50,0.1599999964237213
1048576,1025,70,50,0.6000000238418579
1048576,369,30,50,0.07999999821186066
1048576,1435,90,50,0.7799999713897705
1048576,205,44,50,0.0
1048576,779,50,50,0.7599999904632568
1048576,123,10,50,0.14000000059604645
1048576,1189,70,50,0.8600000143051147
1048576,861,88,50,0.0
1048576,1066,84,50,0.11999999731779099
1048576,1271,80,50,0.8399999737739563
1048576,615,40,50,0.699999988079071
1048576,1681,100,50,0.8600000143051147
1048576,1230,84,50,0.5199999809265137
1048576,1025,60,50,0.9200000166893005
1048576,369,20,50,0.8999999761581421
1048576,1435,80,50,0.9599999785423279
1048576,205,34,50,0.0
1048576,779,40,50,0.9399999976158142
1048576,1845,100,50,0.9399999976158142
1048576,1312,94,50,0.3199999928474426
1048576,861,78,50,0.0
1048576,1066,74,50,0.41999998688697815
1048576,902,88,50,0.0
1048576,1476,94,50,0.8199999928474426
1048576,1271,70,50,0.9599999785423279
1048576,615,30,50,1.0
1048576,1681,90,50,0.9599999785423279
1048576,1230,74,50,0.9200000166893005
1048576,1025,50,50,1.0
1048576,205,24,50,0.0
1048576,1681,58,50,1.0
1048576,1189,32,50,1.0
1048576,1230,42,50,1.0
1048576,1681,76,50,1.0
1048576,1025,18,50,1.0
1048576,1640,62,50,1.0
1048576,1476,48,50,1.0
1048576,1927,82,50,1.0
1048576,1435,56,50,1.0
1048576,1271,42,50,1.0
1048576,1886,86,50,1.0
1048576,615,2,50,1.0
1048576,1230,28,50,1.0
1048576,1681,62,50,1.0
1048576,1722,72,50,1.0
1048576,1025,22,50,1.0
1048576,1066,32,50,1.0
1048576,1640,66,50,0.9800000190734863
1048576,1435,42,50,1.0
1048576,1476,52,50,1.0
1048576,1927,86,50,1.0
1048576,1968,96,50,1.0
1048576,1886,72,50,1.0
1048576,1271,46,50,1.0
1048576,1886,90,50,1.0
1048576,615,6,50,1.0
1048576,1230,32,50,1.0
1048576,1681,66,50,1.0
1048576,1722,76,50,1.0
1048576,1066,18,50,1.0
1048576,1968,82,50,1.0
1048576,1476,56,50,1.0
1048576,1927,90,50,1.0
1048576,1517,66,50,1.0
1048576,1271,32,50,1.0
1048576,1312,42,50,1.0
1048576,1886,76,50,1.0
1048576,1722,62,50,1.0
1048576,1230,36,50,1.0
1048576,1722,80,50,1.0
1048576,1066,22,50,1.0
1048576,1927,76,50,1.0
1048576,1517,52,50,1.0
1048576,1968,86,50,1.0
1048576,1271,36,50,1.0
1048576,861,12,50,1.0
1048576,1312,46,50,1.0
1048576,1558,62,50,1.0
1048576,1722,66,50,1.0
1048576,1763,76,50,1.0
1048576,1066,26,50,1.0
1048576,1476,46,50,1.0
1048576,1517,56,50,1.0
1048576,1804,86,50,0.9800000190734863
1048576,1968,90,50,1.0
1048576,1312,32,50,1.0
1048576,861,16,50,1.0
1048576,1312,50,50,1.0
1048576,1558,48,50,1.0
1048576,1107,32,50,1.0
1048576,1558,66,50,1.0
1048576,1722,70,50,1.0
1048576,1763,80,50,0.9800000190734863
1048576,2009,96,50,1.0
1048576,1804,72,50,1.0
1048576,1517,60,50,1.0
1048576,1968,94,50,1.0
1048576,1148,32,50,1.0
1048576,1312,36,50,1.0
1048576,861,20,50,1.0
1048576,1107,18,50,1.0
1048576,1558,52,50,1.0
1048576,1763,66,50,1.0
1048576,1107,36,50,1.0
1048576,943,22,50,1.0
1048576,1394,56,50,1.0
1048576,2009,82,50,1.0
1048576,2009,100,50,1.0
1048576,1517,46,50,1.0
1048576,1804,76,50,1.0
1048576,1353,42,50,1.0
1048576,1968,80,50,1.0
1048576,861,6,50,1.0
1048576,697,2,50,1.0
1048576,1148,36,50,1.0
1048576,1107,22,50,1.0
1048576,1558,56,50,1.0
1048576,1599,66,50,1.0
1048576,1763,70,50,1.0
1048576,1394,42,50,1.0
1048576,943,26,50,1.0
1048576,2009,86,50,1.0
1048576,1353,46,50,1.0
1048576,1517,50,50,1.0
1048576,1804,80,50,1.0
1048576,1148,22,50,1.0
1048576,697,6,50,1.0
1048576,1148,40,50,1.0
1048576,1599,52,50,1.0
1048576,1107,26,50,1.0
1048576,1558,60,50,1.0
1048576,1599,70,50,1.0
1048576,1763,74,50,1.0
1048576,943,12,50,1.0
1048576,1394,46,50,1.0
1048576,2009,90,50,1.0
1048576,1804,66,50,1.0
1048576,1845,76,50,1.0
1048576,1353,50,50,1.0
1048576,1804,84,50,1.0
1048576,1148,26,50,1.0
1048576,1189,36,50,1.0
1048576,697,10,50,1.0
1048576,1599,56,50,1.0
1048576,943,16,50,1.0
1048576,1394,50,50,1.0
1048576,1435,60,50,1.0
1048576,2009,94,50,1.0
1048576,779,2,50,1.0
1048576,1353,36,50,1.0
1048576,1804,70,50,1.0
1048576,1845,80,50,1.0
1048576,1189,40,50,1.0
1048576,1025,26,50,1.0
1048576,1599,60,50,1.0
1048576,1640,70,50,1.0
1048576,1435,46,50,1.0
1048576,943,20,50,1.0
1048576,2009,80,50,1.0
1048576,779,6,50,1.0
1048576,1845,84,50,1.0
1048576,1189,26,50,1.0
1048576,1681,70,50,1.0
1048576,1025,30,50,1.0
1048576,1640,56,50,1.0
1048576,1640,74,50,1.0
1048576,1394,40,50,1.0
1048576,1435,50,50,1.0
1048576,1476,60,50,1.0
1048576,1927,94,50,1.0
1048576,779,10,50,1.0
1048576,1845,70,50,1.0
1048576,1886,80,50,1.0
1048576,1189,30,50,1.0
1048576,1230,40,50,1.0
1048576,1681,74,50,1.0
1048576,1025,16,50,1.0
1048576,1640,60,50,1.0
1048576,1927,80,50,1.0
1048576,1435,54,50,1.0
1048576,1271,40,50,1.0
1048576,779,14,50,1.0
1048576,1845,74,50,1.0
1048576,1886,84,50,0.9800000190734863
1048576,1230,26,50,1.0
1048576,1681,60,50,1.0
1048576,1230,44,50,1.0
1048576,1025,20,50,1.0
1048576,1066,30,50,1.0
1048576,1640,64,50,1.0
1048576,1435,40,50,1.0
1048576,1476,50,50,1.0
1048576,1927,84,50,1.0
1048576,1271,44,50,1.0
1048576,1886,88,50,1.0
1048576,615,4,50,1.0
1048576,1230,30,50,1.0
1048576,1681,64,50,1.0
1048576,1722,74,50,1.0
1048576,1066,16,50,1.0
1048576,1025,24,50,1.0
1048576,1066,34,50,1.0
1048576,1476,54,50,1.0
1048576,1927,88,50,0.9599999785423279
1048576,1517,64,50,1.0
1048576,1968,98,50,1.0
1048576,1271,30,50,1.0
1048576,1312,40,50,1.0
1048576,1886,74,50,1.0
1048576,1271,48,50,1.0
1048576,1722,60,50,1.0
1048576,1230,34,50,1.0
1048576,1722,78,50,1.0
1048576,1066,20,50,1.0
1048576,1640,54,50,1.0
1048576,1927,74,50,1.0
1048576,1968,84,50,1.0
1048576,1476,58,50,1.0
1048576,1271,34,50,1.0
1048576,861,10,50,1.0
1048576,1312,44,50,1.0
1048576,1886,78,50,1.0
1048576,1722,64,50,1.0
1048576,1066,24,50,1.0
1048576,1476,44,50,1.0
1048576,1927,78,50,1.0
1048576,1517,54,50,1.0
1048576,1968,88,50,1.0
1048576,861,14,50,1.0
1048576,1312,48,50,1.0
1048576,1107,30,50,1.0
1048576,1558,64,50,1.0
1048576,1722,68,50,1.0
1048576,1763,78,50,1.0
1048576,1066,28,50,1.0
1048576,1517,58,50,1.0
1048576,1353,54,50,1.0
1048576,1968,92,50,1.0
1048576,1312,34,50,1.0
1048576,1148,30,50,1.0
1048576,861,18,50,1.0
1048576,1558,50,50,1.0
1048576,1763,64,50,1.0
1048576,1107,34,50,1.0
1048576,1558,68,50,1.0
1048576,1763,82,50,0.9599999785423279
1048576,1394,54,50,1.0
1048576,2009,98,50,1.0
1048576,1804,74,50,1.0
1048576,1353,40,50,1.0
1048576,1968,78,50,1.0
1048576,1517,62,50,1.0
1048576,861,4,50,1.0
1048576,1148,34,50,1.0
1048576,1312,38,50,1.0
1048576,1107,20,50,1.0
1048576,1558,54,50,1.0
1048576,1763,68,50,1.0
1048576,1599,64,50,1.0
1048576,943,24,50,1.0
1048576,2009,84,50,1.0
1048576,1517,48,50,1.0
1048576,1804,78,50,1.0
1048576,1353,44,50,1.0
1048576,1845,88,50,0.9800000190734863
1048576,861,8,50,1.0
1048576,697,4,50,1.0
1048576,1148,38,50,1.0
1048576,1107,24,50,1.0
1048576,1558,58,50,1.0
1048576,1599,68,50,1.0
1048576,1763,72,50,1.0
1048576,943,10,50,1.0
1048576,1394,44,50,1.0
1048576,2009,88,50,1.0
1048576,1353,48,50,1.0
1048576,1804,82,50,1.0
1048576,1148,24,50,1.0
1048576,1189,34,50,1.0
1048576,697,8,50,1.0
1048576,1599,54,50,1.0
1048576,1107,28,50,1.0
1048576,943,14,50,1.0
1048576,1394,48,50,1.0
1048576,1435,58,50,1.0
1048576,2009,92,50,1.0
1048576,1353,34,50,1.0
1048576,1804,68,50,1.0
1048576,1845,78,50,1.0
1048576,1353,52,50,1.0
1048576,1148,28,50,1.0
1048576,1189,38,50,1.0
1048576,1599,58,50,1.0
1048576,1640,68,50,1.0
1048576,1435,44,50,1.0
1048576,943,18,50,1.0
1048576,1394,52,50,1.0
1048576,779,4,50,1.0
1048576,1353,38,50,1.0
1048576,1845,82,50,1.0
1048576,1886,92,50,0.9800000190734863
1048576,1189,24,50,1.0
1048576,1681,68,50,1.0
1048576,1189,42,50,1.0
1048576,1025,28,50,1.0
1048576,1599,62,50,1.0
1048576,1640,72,50,1.0
1048576,1394,38,50,1.0
1048576,1435,48,50,1.0
1048576,1927,92,50,1.0
1048576,779,8,50,1.0
1048576,1845,86,50,0.9800000190734863
1048576,1189,28,50,1.0
1048576,1230,38,50,1.0
1048576,1681,72,50,1.0
1048576,1025,14,50,1.0
1048576,1640,58,50,1.0
1048576,943,8,50,1.0
1048576,1435,52,50,1.0
1048576,1476,62,50,1.0
1048576,1927,96,50,0.9800000190734863
1048576,1271,38,50,1.0
1048576,779,12,50,1.0
1048576,1845,72,50,1.0
1048576,1886,82,50,1.0
